,Tweet id,Tweet permalink,Tweet text,time,impressions,engagements,engagement rate,retweets,replies,likes,user profile clicks,url clicks,hashtag clicks,detail expands,permalink clicks,app opens,app installs,follows,email tweet,dial phone,media views,media engagements,promoted impressions,promoted engagements,promoted engagement rate,promoted retweets,promoted replies,promoted likes,promoted user profile clicks,promoted url clicks,promoted hashtag clicks,promoted detail expands,promoted permalink clicks,promoted app opens,promoted app installs,promoted follows,promoted email tweet,promoted dial phone,promoted media views,promoted media engagements
4,1384478083550490624,https://twitter.com/up_johd/status/1384478083550490624,"#johdpapers
A new #datapaper out! üì∞ ‚ÄúThe Lothian Diary Project: Investigating the Impact of the #COVID-19 Pandemic on Edinburgh and Lothian Residents‚Äù by the @LothianLockdown project. You can read the whole paper at ‚û°Ô∏è https://t.co/ezhzWCP3T7
#JOHD
1/2",2021-04-20 12:04 +0000,864.0,17.0,0.019675925925925927,2.0,1.0,3.0,3.0,5.0,0.0,3.0,0.0,0,0,0,0,0,0,0,-,-,-,-,-,-,-,-,-,-,-,-,-,-,-,-,-,-
26,1519303600660488192,https://twitter.com/up_johd/status/1519303600660488192,"#johdpapers
New #researchpaperüì¢
""Networking for Historical Justice: The Application of Graph Database Management Systems to Network Analysis Projects and the Case Study of the Reparation Movement for Japanese Colonial and Wartime Atrocities"" by Keyao Panüëâhttps://t.co/z1hKFQxquo",2022-04-27 13:13 +0000,245.0,12.0,0.04897959183673469,1.0,1.0,6.0,2.0,0.0,0.0,2.0,0.0,0,0,0,0,0,0,0,-,-,-,-,-,-,-,-,-,-,-,-,-,-,-,-,-,-
42,1430463600263565315,https://twitter.com/up_johd/status/1430463600263565315,"Since our last #johdnewsletter we published 5 papers, covering stylometry, handwritten text recognition, bibliometrics, code-switching and cuneiform. Retrieve them (and all the others) by using #johdpapers. For an overview of our papers visit https://t.co/0Hwm5SWrZa
10/10",2021-08-25 09:34 +0000,211.0,2.0,0.009478672985781991,0.0,0.0,1.0,1.0,0.0,0.0,0.0,0.0,0,0,0,0,0,0,0,-,-,-,-,-,-,-,-,-,-,-,-,-,-,-,-,-,-
59,1427583231575027715,https://twitter.com/up_johd/status/1427583231575027715,"#johdpapers
New #researchpaper out üì¢üì¢ 
Title ‚û°Ô∏è ""Development and Validation of a Corpus of Written Parliamentary Questions in the Hellenic Parliament""
Authors ‚û°Ô∏è @fotisfitsilis @gmikros
DOI ‚û°Ô∏è https://t.co/sS2TAIMvB0

#JOHD",2021-08-17 10:49 +0000,556.0,13.0,0.023381294964028777,2.0,0.0,3.0,2.0,2.0,0.0,4.0,0.0,0,0,0,0,0,0,0,-,-,-,-,-,-,-,-,-,-,-,-,-,-,-,-,-,-
64,1422180383190224899,https://twitter.com/up_johd/status/1422180383190224899,"#johdpapers

New #datapaper out üì¢ ""A Reproducible IT-Blog Corpus"", by @adbarbaresi and @PohlmannJens. 
DOI https://t.co/aeO3vHEuNq

#JOHD #openhumanitiesdata",2021-08-02 13:00 +0000,806.0,28.0,0.034739454094292806,2.0,1.0,2.0,6.0,6.0,0.0,11.0,0.0,0,0,0,0,0,0,0,-,-,-,-,-,-,-,-,-,-,-,-,-,-,-,-,-,-
74,1468975209730478084,https://twitter.com/up_johd/status/1468975209730478084,"#johdpapers
New #researchpaper out üì¢ ""The Curation of #LanguageData as a Distinct Academic Activity: A Call to Action for Researchers, Educators, Funders, and Policymakers"", by Tobias Weber
DOI: https://t.co/yG0YSiS0mM
1/2",2021-12-09 16:05 +0000,259.0,4.0,0.015444015444015444,1.0,1.0,1.0,0.0,0.0,0.0,1.0,0.0,0,0,0,0,0,0,0,-,-,-,-,-,-,-,-,-,-,-,-,-,-,-,-,-,-
80,1466028563908419585,https://twitter.com/up_johd/status/1466028563908419585,"#johdpapers
New #researchpaper out üì¢ 
üëâWhose Crisis? #COVID-19 Explored through Arts and Cultural Practices of African Communities 
üëâDOI: https://t.co/61LxUzUhuf
In the special collection ""Humanities data in the time of COVID-19"" https://t.co/xTHljt9Vhg 
1/2",2021-12-01 12:57 +0000,393.0,22.0,0.05597964376590331,2.0,2.0,3.0,0.0,10.0,0.0,5.0,0.0,0,0,0,0,0,0,0,-,-,-,-,-,-,-,-,-,-,-,-,-,-,-,-,-,-
124,1490699025661706250,https://twitter.com/up_johd/status/1490699025661706250,"#johdpapers
New paper out! üì¢
""By the People Crowdsourcing Datasets from the Library of Congress"", a #datapaper authored by @VanHyningV
@algeebraten @MasonACJones Carlyn Osborn @tjowens @laurenseroka and Abby Shelton. 

Find it here üëáhttps://t.co/TyYMVAWG0i",2022-02-07 14:48 +0000,3442.0,88.0,0.02556653108657757,10.0,0.0,15.0,5.0,31.0,0.0,25.0,0.0,0,0,2,0,0,0,0,-,-,-,-,-,-,-,-,-,-,-,-,-,-,-,-,-,-
137,1355093335204130816,https://twitter.com/up_johd/status/1355093335204130816,"üì£ New paper out by @_shengche and Nina Tahmasebi ""A Collection of Swedish Diachronic Word Embedding Models Trained on Historical Newspaper Data"" https://t.co/8vkmmBLtM4
Read and share here ‚û°Ô∏è https://t.co/dgBLaWCRr7

#johdpapers #wordembeddings",2021-01-29 10:00 +0000,1371.0,39.0,0.028446389496717725,4.0,0.0,5.0,4.0,8.0,0.0,18.0,0.0,0,0,0,0,0,0,0,-,-,-,-,-,-,-,-,-,-,-,-,-,-,-,-,-,-
145,1487032717057282051,https://twitter.com/up_johd/status/1487032717057282051,"#johdpapers
Starting the weekend with a newly published #datapaper ‚ú®
""China Biographical Database (CBDB): A Relational Database for Prosopographical Research of Pre-Modern China"", by @ckpine and Hongsu Wang

Find it at https://t.co/4ibOrOfUZZ",2022-01-28 12:00 +0000,181.0,4.0,0.022099447513812154,0.0,0.0,2.0,1.0,1.0,0.0,0.0,0.0,0,0,0,0,0,0,0,-,-,-,-,-,-,-,-,-,-,-,-,-,-,-,-,-,-
146,1486307936502697994,https://twitter.com/up_johd/status/1486307936502697994,"#johdpapers
Another #datapaper out üì¢ 
""A Dataset for Toponym Resolution in Nineteenth-Century English Newspapers"", by Mariona Coll Ardanuy, @DavidBeavan @KasparvonBeelen @kasra_hosseini @JonHistorian @khetiwe24 @f_nanni @vanstriendaniel @technocene 

DOIüëâhttps://t.co/AuH2v4Hu8u",2022-01-26 12:00 +0000,2026.0,75.0,0.037018756169792694,9.0,0.0,17.0,14.0,15.0,0.0,20.0,0.0,0,0,0,0,0,0,0,-,-,-,-,-,-,-,-,-,-,-,-,-,-,-,-,-,-
160,1483413287337398275,https://twitter.com/up_johd/status/1483413287337398275,"#johdpapers
New #researchpaper published! ""From Static to Interactive Maps: Drawing Diachronic Maps of (Latin) Modality with Pygmalion"", authored by @paolamarongiu_ and Francesca Dell'Oro (@woposs project) 
‚û°Ô∏è DOI: https://t.co/bMG4P9TZ2S
#JOHD #openhumanitiesdata",2022-01-18 12:17 +0000,500.0,16.0,0.032,4.0,0.0,5.0,0.0,5.0,0.0,2.0,0.0,0,0,0,0,0,0,0,-,-,-,-,-,-,-,-,-,-,-,-,-,-,-,-,-,-
161,1481989496908308483,https://twitter.com/up_johd/status/1481989496908308483,"#johdpapers 
Nothing better than a newly published #datapaper to start the weekend!
""Corpus of the Epigraphy of the Italian Peninsula in the 1st Millennium BCE (CEIPoM)"", authored by @PittsReuben, is the 1st #datapaper we published in 2022 ‚ú®üì∞
DOI: https://t.co/HOXMX1m2Hh
#JOHD",2022-01-14 14:00 +0000,138.0,15.0,0.10869565217391304,0.0,0.0,1.0,3.0,6.0,0.0,5.0,0.0,0,0,0,0,0,0,0,-,-,-,-,-,-,-,-,-,-,-,-,-,-,-,-,-,-
163,1481574243527626754,https://twitter.com/up_johd/status/1481574243527626754,"#johdpapers
Same author, different #datapaper: ""Normalized Datasets of Klinghardt‚Äôs and Nicolotti‚Äôs Reconstructions of Marcion‚Äôs Gospel"", authored by Mark G. Bilby, is the last #johdpaper from 2021 üì∞‚ú®
DOI üëâ https://t.co/iilUmS63ty
#JOHD #openhumanitiesdata",2022-01-13 10:30 +0000,116.0,1.0,0.008620689655172414,0.0,0.0,0.0,1.0,0.0,0.0,0.0,0.0,0,0,0,0,0,0,0,-,-,-,-,-,-,-,-,-,-,-,-,-,-,-,-,-,-
165,1481230453323542534,https://twitter.com/up_johd/status/1481230453323542534,"#johdpapers
Another #datapaper published at the end of 2021: ""Normalized Datasets of Hahn‚Äôs and Zahn‚Äôs Reconstructions of Marcion‚Äôs Gospel"", by Mark G. Bilby DOI üëâ https://t.co/VXQyWxMWw1
1/2",2022-01-12 11:43 +0000,123.0,8.0,0.06504065040650407,0.0,1.0,0.0,1.0,1.0,0.0,5.0,0.0,0,0,0,0,0,0,0,-,-,-,-,-,-,-,-,-,-,-,-,-,-,-,-,-,-
167,1480845545287651330,https://twitter.com/up_johd/status/1480845545287651330,"#johdpapers
#JOHD is officially back from the winter break, and we have to catch up with some of the articles published at the end of 2021 ‚ú® 1/2",2022-01-11 10:14 +0000,189.0,10.0,0.05291005291005291,0.0,1.0,1.0,1.0,0.0,0.0,7.0,0.0,0,0,0,0,0,0,0,-,-,-,-,-,-,-,-,-,-,-,-,-,-,-,-,-,-
172,1420326666249801728,https://twitter.com/up_johd/status/1420326666249801728,"#johdpapers
Last #datapaper of July! üì∞ ‚ÄúThe Corpus for Idiolectal Research (CIDRE)‚Äù, by Olga Seminck, Philippe Gambette, Dominique Legallois and @tpoibeau. DOI: https://t.co/qFx6G0maFw 
#JOHD",2021-07-28 10:14 +0000,225.0,8.0,0.035555555555555556,0.0,0.0,3.0,1.0,2.0,0.0,2.0,0.0,0,0,0,0,0,0,0,-,-,-,-,-,-,-,-,-,-,-,-,-,-,-,-,-,-
176,1419613469620547584,https://twitter.com/up_johd/status/1419613469620547584,"#johdpapers
New #datapaper published üì¢ ‚ÄúThe Game Walkthrough Corpus (GWTC) ‚Äì A Resource for the Analysis of Textual Game Descriptions‚Äù, by @8urghardt and Jochen Tiepmar. DOI: https://t.co/FcHWniaNcF
#JOHD #openhumanitiesdata",2021-07-26 11:00 +0000,706.0,18.0,0.025495750708215296,1.0,0.0,4.0,6.0,4.0,0.0,3.0,0.0,0,0,0,0,0,0,0,-,-,-,-,-,-,-,-,-,-,-,-,-,-,-,-,-,-
178,1418590876096503812,https://twitter.com/up_johd/status/1418590876096503812,"#johdpapers
New #researchpaper alert üì¢‚ÄúMicroscopic Views on a Global Pandemic: Social and Cultural Effects of the Covid-19 Pandemic as Documented in Two Dutch Community Archives‚Äù 1/2",2021-07-23 15:16 +0000,1571.0,29.0,0.018459579885423297,2.0,1.0,7.0,3.0,1.0,0.0,15.0,0.0,0,0,0,0,0,0,0,-,-,-,-,-,-,-,-,-,-,-,-,-,-,-,-,-,-
180,1417801536088936451,https://twitter.com/up_johd/status/1417801536088936451,"#johdpapers
New #researchpaper published üîé ‚ÄúGeneral Models for Handwritten Text Recognition: Feasibility and State-of-the Art. German Kurrent as an Example‚Äù, by @thist_be, David Schoch, @variationista and Jake Purcell. DOI https://t.co/qA1CwyQY9O

#JOHD #openhumanitiesdata",2021-07-21 11:00 +0000,811.0,8.0,0.009864364981504316,3.0,0.0,4.0,0.0,0.0,0.0,1.0,0.0,0,0,0,0,0,0,0,-,-,-,-,-,-,-,-,-,-,-,-,-,-,-,-,-,-
184,1417076758038290434,https://twitter.com/up_johd/status/1417076758038290434,"#johdpapers
New #datapaper out üì∞ ‚Äú ‚Äúd-Prose 1870‚Äì1920‚Äù a Collection of German Prose Texts from 1870 to 1920‚Äù, by @EvelynGius, @guhr_s and @InkWild1. 
Find it at https://t.co/692oAwi1jv

#JOHD #openhumanitiesdata",2021-07-19 11:00 +0000,2804.0,41.0,0.014621968616262483,4.0,0.0,4.0,0.0,17.0,0.0,16.0,0.0,0,0,0,0,0,0,0,-,-,-,-,-,-,-,-,-,-,-,-,-,-,-,-,-,-
186,1415671247673778187,https://twitter.com/up_johd/status/1415671247673778187,"#johdpapers
New #datapaper out üîî ‚ÄúThe Index of Digital Humanities Conferences‚Äù by @matthewdlincoln, @scott_bot and @NickoalEichmann! DOI: https://t.co/qFx6G0maFw
#JOHD #dh https://t.co/JPaf3JLshO",2021-07-15 13:55 +0000,1998.0,29.0,0.014514514514514515,8.0,0.0,6.0,2.0,9.0,0.0,4.0,0.0,0,0,0,0,0,0,0,-,-,-,-,-,-,-,-,-,-,-,-,-,-,-,-,-,-
194,1412051873843003396,https://twitter.com/up_johd/status/1412051873843003396,"#johdpapers
Two new articles out today üì∞
#datapaper ""A Telegram Corpus for Hate Speech, Offensive Language, and Online Harm"" https://t.co/TVTfCSu9hZ 
#researchpaper ""The Telegram Chronicles of Online Harm"" https://t.co/GYRcM2vXcw
by @tschfflr, V. Solopova and M. Popa-Wyatt. https://t.co/E56XXnlXfH",2021-07-05 14:12 +0000,3103.0,54.0,0.017402513696422817,2.0,0.0,6.0,6.0,19.0,0.0,21.0,0.0,0,0,0,0,0,0,0,-,-,-,-,-,-,-,-,-,-,-,-,-,-,-,-,-,-
224,1376825461590913024,https://twitter.com/up_johd/status/1376825461590913024,"#johdpapers

New #datapaper out! üì∞ 
""A Bibliography of Cuneiform Tablet Editions in United States Colleges and Universities through 2020"" by @sarabmohr, find it at https://t.co/LZ0Du8kj2F

#openaccess #openhumanities #JOHD",2021-03-30 09:15 +0000,271.0,14.0,0.05166051660516605,1.0,0.0,4.0,1.0,2.0,0.0,6.0,0.0,0,0,0,0,0,0,0,-,-,-,-,-,-,-,-,-,-,-,-,-,-,-,-,-,-
243,1509115719824416768,https://twitter.com/up_johd/status/1509115719824416768,"#johdpapers
New #researchpaper out! üì¢ ""Mining an English-Chinese parallel Dataset of Financial News"", by Nicolas Turenne, Ziwei Chen, Guitao Fan, Jianlong Li, Yiwen Li, Siyuan Wang and Jiaqi Zhou.
Find it at https://t.co/i3ywvv1mvY
#JOHD #openhumanitiesdata",2022-03-30 10:30 +0000,222.0,7.0,0.03153153153153153,0.0,0.0,1.0,0.0,1.0,0.0,5.0,0.0,0,0,0,0,0,0,0,-,-,-,-,-,-,-,-,-,-,-,-,-,-,-,-,-,-
244,1506648169395929095,https://twitter.com/up_johd/status/1506648169395929095,"#johdpapers
New #datapaper out! üì¢ ""A Social Network of the Prosopography of the Neo-Assyrian Empire"", authored by @HeidiWikgren and Tero Altsola. 

DOI: https://t.co/voSBRoJoxz",2022-03-23 15:04 +0000,265.0,11.0,0.04150943396226415,1.0,0.0,1.0,0.0,1.0,0.0,8.0,0.0,0,0,0,0,0,0,0,-,-,-,-,-,-,-,-,-,-,-,-,-,-,-,-,-,-
247,1504427334350290947,https://twitter.com/up_johd/status/1504427334350290947,"#johdpapers
New #researchpaper out üì¢ ""HATHI 1M: Introducing a Million Page Historical Prose Dataset in English from the Hathi Trust"", authored by @sunyam_bagga and
@_akpiper 
Find it at https://t.co/hLascO7IfM
#johd #openhumanitiesdata",2022-03-17 12:00 +0000,786.0,24.0,0.030534351145038167,4.0,0.0,14.0,3.0,1.0,0.0,2.0,0.0,0,0,0,0,0,0,0,-,-,-,-,-,-,-,-,-,-,-,-,-,-,-,-,-,-
275,1525068345514467336,https://twitter.com/up_johd/status/1525068345514467336,"#johdpapers
New #researchpaper out üì¢ ""Place-Making Narrative Data: Management Issues in the Context of Open Science and Data Curation in France"", by William Kelleher and Hillary Bays.
DOI: https://t.co/HS1IC4law5
#openhumanitiesdata",2022-05-13 11:00 +0000,151.0,9.0,0.059602649006622516,0.0,0.0,3.0,0.0,2.0,0.0,4.0,0.0,0,0,0,0,0,0,0,-,-,-,-,-,-,-,-,-,-,-,-,-,-,-,-,-,-
294,1453717184535011333,https://twitter.com/up_johd/status/1453717184535011333,"#johdpapers
The project @CREATE_UvA published a blog post about the #researchpaper ""Microscopic Views on a Global #Pandemic"", by @jjnoordegraaf @jose0tw Dora Vrhoci, @JoostDofferhoff Pieter van der Molen, Nuala Vlogman, @tobias_blanke 
Check it out at https://t.co/0dKQRU766i",2021-10-28 13:36 +0000,412.0,10.0,0.024271844660194174,2.0,1.0,3.0,1.0,1.0,0.0,2.0,0.0,0,0,0,0,0,0,0,-,-,-,-,-,-,-,-,-,-,-,-,-,-,-,-,-,-
295,1453358740133105672,https://twitter.com/up_johd/status/1453358740133105672,"#johdpapers
New #datapaper out! üì¢ ""Eyelit: Eye Movement and Reader Response Data During Literary Reading"", authored by Marloes Mak and @RoelWillemsRU (@CLSRadboud @Radboud_Uni)
Find it in our #ComputationalHumanities Research Data special collection üëâ https://t.co/F6QPlxIUF5",2021-10-27 13:51 +0000,692.0,20.0,0.028901734104046242,6.0,0.0,3.0,3.0,4.0,2.0,2.0,0.0,0,0,0,0,0,0,0,-,-,-,-,-,-,-,-,-,-,-,-,-,-,-,-,-,-
298,1452643804457148423,https://twitter.com/up_johd/status/1452643804457148423,"#johdpapers
New #datapaper out üì¢"" Normalized Datasets of Harnack‚Äôs Reconstruction of Marcion‚Äôs Gospel"", by Mark G. Bilby. Providing the first born-digital, normalized, peer-reviewed datasets of Harnack‚Äôs classic reconstruction of Marcion‚Äôs #Gospel
üëâ https://t.co/FIwpPJLx8o",2021-10-25 14:30 +0000,154.0,8.0,0.05194805194805195,0.0,1.0,1.0,0.0,3.0,0.0,3.0,0.0,0,0,0,0,0,0,0,-,-,-,-,-,-,-,-,-,-,-,-,-,-,-,-,-,-
316,1446460367530430468,https://twitter.com/up_johd/status/1446460367530430468,"#johdpapers
üì¢ New #datapaper published in the special collection ""Computational Humanities Research Data"" https://t.co/5hOntXT2bG üì¢
""Named-Entity Dataset for Medieval Latin, Middle High German and Old Norse"", by @clemsciences and @wjb_mattingly ‚û°Ô∏è https://t.co/gJyQNB7wTp
#JOHD",2021-10-08 13:00 +0000,1777.0,52.0,0.029262802476083285,9.0,0.0,16.0,4.0,15.0,0.0,8.0,0.0,0,0,0,0,0,0,0,-,-,-,-,-,-,-,-,-,-,-,-,-,-,-,-,-,-
323,1445010826059001864,https://twitter.com/up_johd/status/1445010826059001864,"#johdpapers
A new #datapaper out üì¢ ""Neural Language Models for Nineteenth-Century English"", by @kasra_hosseini
@KasparvonBeelen @giovanni1085 and Mariona Coll Ardanuy. DOI ‚û°Ô∏è https://t.co/EnFpcGR5Gs
#JOHD #openhumanitiesdata",2021-10-04 13:00 +0000,661.0,19.0,0.028744326777609682,5.0,0.0,4.0,1.0,4.0,0.0,5.0,0.0,0,0,0,0,0,0,0,-,-,-,-,-,-,-,-,-,-,-,-,-,-,-,-,-,-
332,1439915995402018817,https://twitter.com/up_johd/status/1439915995402018817,"#johdpapers
New #researchpaper out üì∞ ""Grasping the Anti-Modern Discourse on Europe in the Swiss Digitised Press, or can Text Mining Generate a Research Corpus from an Article Collection?"", by Estelle Bunout
DOI: https://t.co/4CPWS09PE0
@ImpressoProject 
#dh #textmining #JOHD",2021-09-20 11:35 +0000,669.0,17.0,0.025411061285500747,6.0,0.0,4.0,1.0,2.0,0.0,4.0,0.0,0,0,0,0,0,0,0,-,-,-,-,-,-,-,-,-,-,-,-,-,-,-,-,-,-
334,1438131738186760193,https://twitter.com/up_johd/status/1438131738186760193,"#johdpapers
New #researchpaper alert üì¢
""Enriching the 1758 Portuguese Parish Memories (Alentejo) with Named Entities"", by Renata Vieira, Fernanda Olival, Helena Freire Cameron, Joaquim Santos, Of√©lia Sequeira and @IvoFSantos, from @cidehus_ue
DOI: https://t.co/TZk3loOOB9
#JOHD",2021-09-15 13:25 +0000,524.0,21.0,0.04007633587786259,3.0,1.0,5.0,2.0,9.0,0.0,1.0,0.0,0,0,0,0,0,0,0,-,-,-,-,-,-,-,-,-,-,-,-,-,-,-,-,-,-
336,1437436313062584324,https://twitter.com/up_johd/status/1437436313062584324,"#johdpapers
New #datapaper out üì∞ ""Crime at Sea: A Global Database of Maritime Pirate Attacks (1993‚Äì2020)"", authored by  Paul Benden, Alan Feng, Christopher Howell and Giulio Valentino Dalla Riva (@ipnosimmia).
DOI: https://t.co/7u4oe7Dvqt
#JOHD #openhumanitiesdata",2021-09-13 15:21 +0000,440.0,13.0,0.029545454545454545,2.0,0.0,2.0,0.0,5.0,0.0,4.0,0.0,0,0,0,0,0,0,0,-,-,-,-,-,-,-,-,-,-,-,-,-,-,-,-,-,-
